King Soopers,Produce:Left,carrots
King Soopers,Produce:Left,mushrooms,true,
King Soopers,Produce:Left,herbs,,true
King Soopers,Produce:Left,garlic paste
King Soopers,Produce:Left,seasonal fruit,,true
King Soopers,Produce:Left,lemon,true,
King Soopers,Produce:Left,lime,true,
King Soopers,Produce:Left
King Soopers,Produce:Left
King Soopers,Produce:Back,lettuce
King Soopers,Produce:Back,scallions
King Soopers,Produce:Back,parsley
King Soopers,Produce:Back,cilantro
King Soopers,Produce:Back,bell peppers,true,
King Soopers,Produce:Back,spicy peppers,,true
King Soopers,Produce:Back,broccoli
King Soopers,Produce:Back,cucumbers
King Soopers,Produce:Back,squash
King Soopers,Produce:Back
King Soopers,Produce:Back
King Soopers,Produce:Back
King Soopers,Produce:Right,bananas
King Soopers,Produce:Right,yellow onion,true,
King Soopers,Produce:Right,red onion,true,
King Soopers,Produce:Right,garlic head,true,
King Soopers,Produce:Right,fancy tomato
King Soopers,Produce:Right,cherry tomato
King Soopers,Produce:Right
King Soopers,Deli & Meat,naan
King Soopers,Deli & Meat,frozen fish,,true
King Soopers,Deli & Meat,ground turkey
King Soopers,Deli & Meat,b/sless breasts,true
King Soopers,Deli & Meat,b/sless thighs,true
King Soopers,Deli & Meat,buns
King Soopers,Deli & Meat
King Soopers,Deli & Meat
King Soopers,Pasta,spaghetti
King Soopers,Pasta,
King Soopers,Asian,soy sauce
King Soopers,Asian,sesame oil
King Soopers,Asian,rice,,true
King Soopers,Asian,beans
King Soopers,Asian
King Soopers,Asian
King Soopers,Condiments,Totillas
King Soopers,Condiments,Ketchup,,true
King Soopers,Condiments,Mayo,,true
King Soopers,Condiments
King Soopers,Condiments
King Soopers,Tea,Lemon Zinger
King Soopers,Tea,Sleepy Time
King Soopers,Tea
King Soopers,Baking,Sugar
King Soopers,Baking,Flour
King Soopers,Baking,Yeast,,true
King Soopers,Baking,Honey
King Soopers,Baking
King Soopers,Baking
King Soopers,Frozen,Burritos
King Soopers,Frozen,Peas
King Soopers,Frozen,Fries
King Soopers,Frozen
King Soopers,Back Wall,Butter,,true
King Soopers,Back Wall,Cream cheese
King Soopers,Back Wall,Eggs
King Soopers,Back Wall,Fage Yogurt,,true
King Soopers,Back Wall,Chobani,,
King Soopers,Back Wall,Tofu,,
King Soopers,Back Wall,Sour Cream,true
King Soopers,Back Wall,Milk,,true
King Soopers,Back Wall
King Soopers,Back Wall
King Soopers,Cereal,Clif Z bars
King Soopers,Cereal
King Soopers,Snacks,Pretzels
King Soopers,Snacks,Chips
King Soopers,Snacks

King Soopers,Toiletries,Bar soap
King Soopers,Toiletries,Shaving Cream
King Soopers,Toiletries,Deodorant
King Soopers,Toiletries,Lotion
King Soopers,Toiletries
King Soopers,Toiletries
King Soopers,Toiletries

King Soopers,Paper products,Toilet Paper
King Soopers,Paper products,Paper Towels
King Soopers,Paper products,Tissues,,true
King Soopers,Paper products,Aluminum Foil
King Soopers,Paper products,Plastic Wrap
King Soopers,Paper products,Ziplock,,true
King Soopers,Paper products

King Soopers,Household,Garbage Bags,,true
King Soopers,Household,Compost Bags,,true
King Soopers,Household,Laundry Detergent
King Soopers,Household,Dish soap
King Soopers,Household,Dishwasher pods
King Soopers,Household,Hand Soap
King Soopers,Household,Household Cleaner
King Soopers,Household,Sponges
King Soopers,Household
King Soopers,Household

King Soopers,By Pharmacy,Toothpaste
King Soopers,By Pharmacy,Floss
King Soopers,By Pharmacy,Floss Threader
King Soopers,By Pharmacy

WF,,yukon potatoes
WF,,frozen pizza
WF,,hummus
WF,,muir glenn,,true
WF,,balsamic vinegar (not organic)
WF,,black tea
WF,,P hair product,,true
WF,,chocolate
WF,,fresh pasta
WF,,salmon
WF,,turkey bacon
WF,,parmesan cheese
WF,,pita
WF,,fresh loaf,,true
WF
WF
WF
WF
